{
    "1": {
        "No": "1",
        "Name": "Emperor Angel Adult",
        "image": "emperor-angel-adult.jpg"
    },
    "2": {
        "No": "2",
        "Name": "Emperor Angel Juvenile",
        "image": "emperor-angel-juvenile.jpg"
    },
    "3": {
        "No": "3",
        "Name": "Smoke Angel Fish",
        "image": "smoke-angel-fish.jpg"
    },
    "4": {
        "No": "4",
        "Name": "Blue Face Angelfish",
        "image": "blue-face-angelfish.jpg"
    },
    "5": {
        "No": "5",
        "Name": "Coral Beauty Angelfish",
        "image": "coral-beauty-angelfish.jpg"
    },
    "6": {
        "No": "6",
        "Name": "Rusty Angel",
        "image": "rusty-angel.jpg"
    },
    "7": {
        "No": "7",
        "Name": "Bicolor Angel",
        "image": "bicolor-angel.jpg"
    },
    "8": {
        "No": "8",
        "Name": "Japanese Swallow Angel",
        "image": "japanese-swallow-angel.jpg"
    },
    "9": {
        "No": "9",
        "Name": "Half Black Angel",
        "image": "half-black-angel.jpg"
    },
    "10": {
        "No": "10",
        "Name": "Blue Pygmy Angel",
        "image": "blue-pygmy-angel.jpg"
    },
    "11": {
        "No": "11",
        "Name": "Regal Angel",
        "image": "regal-angel.jpg"
    },
    "12": {
        "No": "12",
        "Name": "Regal Tank Fish",
        "image": "regal-tank-fish.jpg"
    },
    "13": {
        "No": "13",
        "Name": "Powder Brown Tang",
        "image": "powder-brown-tang.jpg"
    },
    "14": {
        "No": "14",
        "Name": "Powder Blue Tang",
        "image": "powder-blue-tang.jpg"
    },
    "15": {
        "No": "15",
        "Name": "Yellow Mimic Tang",
        "image": "yellow-mimic-tang.jpg"
    },
    "16": {
        "No": "16",
        "Name": "Chocolate Tang",
        "image": "chocolate-tang.jpg"
    },
    "17": {
        "No": "17",
        "Name": "Sailfin Tang",
        "image": "sailfin-tang.jpg"
    },
    "18": {
        "No": "18",
        "Name": "Yellow Tang",
        "image": "yellow-tang.jpg"
    },
    "19": {
        "No": "19",
        "Name": "Purple Tang",
        "image": "purple-tang.jpg"
    },
    "20": {
        "No": "20",
        "Name": "Gem Tang",
        "image": "gem-tang.jpg"
    },
    "21": {
        "No": "21",
        "Name": "Archilles Tang",
        "image": "archilles-tang.jpg"
    },
    "22": {
        "No": "22",
        "Name": "Naso Tang",
        "image": "naso-tang.jpg"
    },
    "23": {
        "No": "23",
        "Name": "Blonde Naso Tang",
        "image": "blonde-naso-tang.jpg"
    },
    "24": {
        "No": "24",
        "Name": "Scopas Tang Fish",
        "image": "scopas-tang-fish.jpg"
    },
    "25": {
        "No": "25",
        "Name": "Long Nose Butterfly",
        "image": "long-nose-butterfly.jpg"
    },
    "26": {
        "No": "26",
        "Name": "Copperband Butterfly",
        "image": "copperband-butterfly.jpg"
    },
    "27": {
        "No": "27",
        "Name": "Red Pearl Scale Butterfly",
        "image": "red-pearl-scale-butterfly.jpg"
    },
    "28": {
        "No": "28",
        "Name": "Diamond Butterfly Fish",
        "image": "diamond-butterfly-fish.jpg"
    },
    "29": {
        "No": "29",
        "Name": "Threadfin Butterfly",
        "image": "threadfin-butterfly.jpg"
    },
    "30": {
        "No": "30",
        "Name": "Eight Band Butterfly Fish",
        "image": "eight-band-butterfly-fish.jpg"
    },
    "31": {
        "No": "31",
        "Name": "Pakistani Butterfly Fish",
        "image": "pakistani-butterfly-fish.jpg"
    },
    "32": {
        "No": "32",
        "Name": "Fox Face Fish",
        "image": "fox-face-fish.jpg"
    },
    "33": {
        "No": "33",
        "Name": "Magnificent Foxface Fish",
        "image": "magnificent-foxface-fish.jpg"
    },
    "34": {
        "No": "34",
        "Name": "Moorish Idol Fish",
        "image": "moorish-idol-fish.jpg"
    },
    "35": {
        "No": "35",
        "Name": "Six Line Wrasse",
        "image": "six-line-wrasse.jpg"
    },
    "36": {
        "No": "36",
        "Name": "Banana Wrasse",
        "image": "banana-wrasse.jpg"
    },
    "37": {
        "No": "37",
        "Name": "Spotted Wrasse",
        "image": "spotted-wrasse.jpg"
    },
    "38": {
        "No": "38",
        "Name": "Clown Tang",
        "image": "clown-tang.jpg"
    },
    "39": {
        "No": "39",
        "Name": "Sohal Tang",
        "image": "sohal-tang.jpg"
    },
    "40": {
        "No": "40",
        "Name": "Queen Coris Wrasse",
        "image": "queen-coris-wrasse.jpg"
    },
    "41": {
        "No": "41",
        "Name": "Mata Tang",
        "image": "mata-tang.jpg"
    },
    "42": {
        "No": "42",
        "Name": "Doctor Wrasse",
        "image": "doctor-wrasse.jpg"
    },
    "43": {
        "No": "43",
        "Name": "Moon Wrasse Fish",
        "image": "moon-wrasse-fish.jpg"
    },
    "44": {
        "No": "44",
        "Name": "Leopard Wrasse",
        "image": "leopard-wrasse.jpg"
    },
    "45": {
        "No": "45",
        "Name": "Percula Clownfish",
        "image": "percula-clownfish.jpg"
    },
    "46": {
        "No": "46",
        "Name": "Maroon Clownfish",
        "image": "maroon-clownfish.jpg"
    },
    "47": {
        "No": "47",
        "Name": "Skunk Clownfish",
        "image": "skunk-clownfish.jpg"
    },
    "48": {
        "No": "48",
        "Name": "Tomato Clownfish",
        "image": "tomato-clownfish.jpg"
    },
    "49": {
        "No": "49",
        "Name": "Black Percula Clownfish",
        "image": "black-percula-clownfish.jpg"
    },
    "50": {
        "No": "50",
        "Name": "Platinum Clownfish",
        "image": "platinum-clownfish.jpg"
    },
    "51": {
        "No": "51",
        "Name": "Yellow Belly Clown Fish",
        "image": "yellow-belly-clown-fish.jpg"
    },
    "52": {
        "No": "52",
        "Name": "Clarki Clown",
        "image": "clarki-clown.jpg"
    },
    "53": {
        "No": "53",
        "Name": "Azure Damsel",
        "image": "azure-damsel.jpg"
    },
    "54": {
        "No": "54",
        "Name": "Three Spot Damsel",
        "image": "three-spot-damsel.jpg"
    },
    "55": {
        "No": "55",
        "Name": "Blue Damsel",
        "image": "blue-damsel.jpg"
    },
    "56": {
        "No": "56",
        "Name": "Blue Green Chromis",
        "image": "blue-green-chromis.jpg"
    },
    "57": {
        "No": "57",
        "Name": "Pyjama Cardinal",
        "image": "pyjama-cardinal.jpg"
    },
    "58": {
        "No": "58",
        "Name": "Benggal Cardinal",
        "image": "benggal-cardinal.jpg"
    },
    "59": {
        "No": "59",
        "Name": "Lion Fish",
        "image": "lion-fish.jpg"
    },
    "60": {
        "No": "60",
        "Name": "Mandarin Fish",
        "image": "mandarin-fish.jpg"
    },
    "61": {
        "No": "61",
        "Name": "Cow Fish",
        "image": "cow-fish.jpg"
    },
    "62": {
        "No": "62",
        "Name": "Ribbon Eel",
        "image": "ribbon-eel.jpg"
    },
    "63": {
        "No": "63",
        "Name": "Honeycomb Moray Eel",
        "image": "honeycomb-moray-eel.jpg"
    },
    "64": {
        "No": "64",
        "Name": "Koran Angelfish",
        "image": "koran-angelfish.jpg"
    },
    "65": {
        "No": "65",
        "Name": "Flagfin Angel",
        "image": "flagfin-angel.jpg"
    },
    "66": {
        "No": "66",
        "Name": "Japanesse Swallow Angel Fish",
        "image": "japanesse-swallow-angel-fish.jpg"
    },
    "67": {
        "No": "67",
        "Name": "Bellus Angel Fish",
        "image": "bellus-angel-fish.jpg"
    },
    "68": {
        "No": "68",
        "Name": "Blue Ring Angelfish",
        "image": "blue-ring-angelfish.jpg"
    },
    "69": {
        "No": "69",
        "Name": "Green Bubble Tip Anemone",
        "image": "green-bubble-tip-anemone.jpg"
    },
    "70": {
        "No": "70",
        "Name": "Purple Base Long Tentacle Anemone",
        "image": "purple-base-long-tentacle-anemone.jpg"
    },
    "71": {
        "No": "71",
        "Name": "Harlequin Shrimp Fish",
        "image": "harlequin-shrimp-fish.jpg"
    },
    "72": {
        "No": "72",
        "Name": "Mantis Shrimp Fish",
        "image": "mantis-shrimp-fish.jpg"
    },
    "73": {
        "No": "73",
        "Name": "Coral Banded Shrimp Fish",
        "image": "coral-banded-shrimp-fish.jpg"
    },
    "74": {
        "No": "74",
        "Name": "Cleaner Shrimp Fish",
        "image": "cleaner-shrimp-fish.jpg"
    },
    "75": {
        "No": "75",
        "Name": "Fire Shrimp Fish",
        "image": "fire-shrimp-fish.jpg"
    },
    "76": {
        "No": "76",
        "Name": "Purple Square Anthias",
        "image": "purple-square-anthias.jpg"
    },
    "77": {
        "No": "77",
        "Name": "Purple Queen Anthias",
        "image": "purple-queen-anthias.jpg"
    },
    "78": {
        "No": "78",
        "Name": "Red Anthias",
        "image": "red-anthias.jpg"
    },
    "79": {
        "No": "79",
        "Name": "Fire Goby",
        "image": "fire-goby.jpg"
    },
    "80": {
        "No": "80",
        "Name": "Yellow Head Goby",
        "image": "yellow-head-goby.jpg"
    },
    "81": {
        "No": "81",
        "Name": "Purple Flame Goby",
        "image": "purple-flame-goby.jpg"
    },
    "82": {
        "No": "82",
        "Name": "Yasha Goby",
        "image": "yasha-goby.jpg"
    },
    "83": {
        "No": "83",
        "Name": "Picasso Triggerfish",
        "image": "picasso-triggerfish.jpg"
    },
    "84": {
        "No": "84",
        "Name": "Blue Triggerfish",
        "image": "blue-triggerfish.jpg"
    },
    "85": {
        "No": "85",
        "Name": "Clown Triggerfish",
        "image": "clown-triggerfish.jpg"
    },
    "86": {
        "No": "86",
        "Name": "Blue Face Triggerfish",
        "image": "blue-face-triggerfish.jpg"
    },
    "87": {
        "No": "87",
        "Name": "Six Bar Angel",
        "image": "six-bar-angel.jpg"
    },
    "88": {
        "No": "88",
        "Name": "Blue Bellus Angel",
        "image": "blue-bellus-angel.jpg"
    },
    "89": {
        "No": "89",
        "Name": "Grey Poma Angel",
        "image": "grey-poma-angel.jpg"
    },
    "90": {
        "No": "90",
        "Name": "Half Moon Angel",
        "image": "half-moon-angel.jpg"
    },
    "91": {
        "No": "91",
        "Name": "Zebra Angel",
        "image": "zebra-angel.jpg"
    },
    "92": {
        "No": "92",
        "Name": "Red Fairy Anthias",
        "image": "red-fairy-anthias.jpg"
    },
    "93": {
        "No": "93",
        "Name": "Coral Hog Fish",
        "image": "coral-hog-fish.jpg"
    },
    "94": {
        "No": "94",
        "Name": "Red Diana Hogfish",
        "image": "red-diana-hogfish.jpg"
    },
    "95": {
        "No": "95",
        "Name": "Yellow Candy Hogfish",
        "image": "yellow-candy-hogfish.jpg"
    },
    "96": {
        "No": "96",
        "Name": "Rainbow Wrasse",
        "image": "rainbow-wrasse.jpg"
    },
    "97": {
        "No": "97",
        "Name": "Ruby Fin Wrasse ",
        "image": "ruby-fin-wrasse.jpg"
    },
    "98": {
        "No": "98",
        "Name": "Dragon Pipefish",
        "image": "dragon-pipefish.jpg"
    },
    "99": {
        "No": "99",
        "Name": "Yellow Box Fish ",
        "image": "yellow-box-fish.jpg"
    },
    "100": {
        "No": "100",
        "Name": "Saddle Back Percula Clown",
        "image": "saddle-back-percula-clown.jpg"
    },
    "101": {
        "No": "101",
        "Name": "Golden Head Goby",
        "image": "golden-head-goby.jpg"
    },
    "102": {
        "No": "102",
        "Name": "Red Dragonet Blenny",
        "image": "red-dragonet-blenny.jpg"
    },
    "103": {
        "No": "103",
        "Name": "Marine Betta",
        "image": "marine-betta.jpg"
    },
    "104": {
        "No": "104",
        "Name": "Convict Tang",
        "image": "convict-tang.jpg"
    },
    "105": {
        "No": "105",
        "Name": "Lavender Tang",
        "image": "lavender-tang.jpg"
    },
    "106": {
        "No": "106",
        "Name": "Orange Shoulder Tang\u00a0",
        "image": "orange-shoulder-tang.jpg"
    },
    "107": {
        "No": "107",
        "Name": "Philippines Yellow Tang",
        "image": "philippines-yellow-tang.jpg"
    },
    "108": {
        "No": "108",
        "Name": "Unicorn Tang",
        "image": "unicorn-tang.jpg"
    }
}